super_reg,super_no_reg
6.57322883605957,7.450131893157959
4.545964241027832,4.761698246002197
6.0463690757751465,6.119114398956299
7.538679122924805,7.545902252197266
9.825982093811035,9.770167350769043
